KEY_LENGTH,job_id,fina_key_len,attack_noticed,,
,,,,,
100,simulator,0,not to consider,,
,,,,,
100,simulator,0,true,,
,,,,,
500,simulator,123,not to consider,,
,,,,,
500,simulator,123,true,,
,,,,,
500,simulator,123,not to consider,,
,,,,,
500,simulator,123,true,,
,,,,,
500,simulator,123,not to consider,,
,,,,,
500,simulator,123,true,,
,,,,,
500,simulator,123,not to consider,,
,,,,,
500,simulator,123,true,,
,,,,,
500,simulator,123,not to consider,,
,,,,,
500,simulator,123,true,,
,,,,,
500,simulator,123,not to consider,,
,,,,,
500,simulator,123,true,,
,,,,,
500,simulator,123,not to consider,,
,,,,,
500,simulator,123,true,,
,,,,,
500,simulator,123,not to consider,,
,,,,,
500,simulator,123,true,,
,,,,,
500,simulator,123,not to consider,,
,,,,,
500,simulator,123,true,,
,,,,,
500,simulator,123,not to consider,,
,,,,,
500,simulator,123,true,,
,,,,,
500,simulator,123,not to consider,,
,,,,,
500,simulator,123,true,,
,,,,,
500,simulator,123,not to consider,,
,,,,,
500,simulator,123,true,,
,,,,,
500,simulator,123,not to consider,,
,,,,,
500,simulator,123,true,,
,,,,,
500,simulator,123,not to consider,,
,,,,,
500,simulator,123,true,,
,,,,,
500,simulator,123,not to consider,,
,,,,,
500,simulator,123,true,,
,,,,,
500,simulator,123,not to consider,,
,,,,,
500,simulator,123,true,,
,,,,,
500,simulator,123,not to consider,,
,,,,,
500,simulator,123,true,,
,,,,,
500,simulator,123,not to consider,,
,,,,,
500,simulator,123,true,,
,,,,,
500,simulator,123,not to consider,,
,,,,,
500,simulator,123,true,,
,,,,,
500,simulator,123,not to consider,,
,,,,,
500,simulator,123,true,,
,,,,,
500,simulator,123,not to consider,,
,,,,,
500,simulator,123,true,,
,,,,,
500,simulator,123,not to consider,,
,,,,,
500,simulator,123,true,,
,,,,,
500,simulator,123,not to consider,,
,,,,,
500,simulator,123,true,,
,,,,,
500,simulator,123,not to consider,,
,,,,,
500,simulator,123,true,,
,,,,,
500,simulator,123,not to consider,,
,,,,,
500,simulator,123,true,,
,,,,,
500,simulator,123,not to consider,,
,,,,,
500,simulator,123,true,,
,,,,,
500,simulator,123,not to consider,,
,,,,,
500,simulator,123,true,,
,,,,,
500,simulator,123,not to consider,,
,,,,,
500,simulator,123,true,,
,,,,,
500,simulator,123,not to consider,,
,,,,,
500,simulator,123,true,,
,,,,,
500,simulator,123,not to consider,,
,,,,,
500,simulator,123,true,,
,,,,,
500,simulator,123,not to consider,,
,,,,,
500,simulator,123,true,,
,,,,,
500,simulator,123,not to consider,,
,,,,,
500,simulator,123,true,,
,,,,,
500,simulator,123,not to consider,,
,,,,,
500,simulator,123,true,,
,,,,,
500,simulator,123,not to consider,,
,,,,,
500,simulator,123,true,,
,,,,,
500,simulator,123,not to consider,,
,,,,,
500,simulator,123,true,,
,,,,,
500,simulator,123,not to consider,,
,,,,,
500,simulator,123,true,,
,,,,,
500,simulator,123,not to consider,,
,,,,,
500,simulator,123,true,,
,,,,,
500,simulator,123,not to consider,,
,,,,,
500,simulator,123,true,,
,,,,,
500,simulator,123,not to consider,,
,,,,,
500,simulator,123,true,,
,,,,,
500,simulator,123,not to consider,,
,,,,,
500,simulator,123,true,,
,,,,,
500,simulator,123,not to consider,,
,,,,,
500,simulator,123,not to consider,,
,,,,,
500,simulator,123,true,,
,,,,,
500,simulator,123,not to consider,,
,,,,,
500,simulator,123,true,,
,,,,,
500,simulator,123,not to consider,,
,,,,,
500,simulator,123,not to consider,,
,,,,,
500,simulator,123,true,,
,,,,,
500,simulator,123,not to consider,,
,,,,,
500,simulator,123,true,,
,,,,,
500,simulator,123,not to consider,,
,,,,,
500,simulator,123,true,,
,,,,,
500,simulator,123,not to consider,,
,,,,,
500,simulator,123,true,,
,,,,,
500,simulator,123,not to consider,,
,,,,,
500,simulator,123,true,,
,,,,,
500,simulator,123,not to consider,,
,,,,,
500,simulator,123,true,,
,,,,,
500,simulator,123,not to consider,,
,,,,,
500,simulator,123,true,,
,,,,,
500,simulator,123,not to consider,,
,,,,,
500,simulator,123,true,,
,,,,,
500,simulator,123,not to consider,,
,,,,,
500,simulator,123,true,,
,,,,,
500,simulator,123,not to consider,,
,,,,,
500,simulator,123,true,,
,,,,,
500,simulator,123,not to consider,,
,,,,,
500,simulator,123,true,,
,,,,,
500,simulator,123,not to consider,,
,,,,,
500,simulator,123,true,,
,,,,,
196,simulator,0,not to consider,,
,,,,,
196,simulator,0,true,,
,,,,,
196,simulator,0,not to consider,,
,,,,,
196,simulator,0,true,,
,,,,,
196,simulator,0,not to consider,,
,,,,,
196,simulator,0,true,,
,,,,,
196,simulator,0,not to consider,,
,,,,,
196,simulator,0,true,,
,,,,,
196,simulator,0,not to consider,,
,,,,,
196,simulator,0,true,,
,,,,,
196,simulator,0,not to consider,,
,,,,,
196,simulator,0,true,,
,,,,,
196,simulator,0,not to consider,,
,,,,,
196,simulator,0,true,,
,,,,,
196,simulator,0,not to consider,,
,,,,,
196,simulator,0,true,,
,,,,,
196,simulator,0,not to consider,,
,,,,,
196,simulator,0,true,,
,,,,,
196,simulator,0,not to consider,,
,,,,,
196,simulator,0,true,,
,,,,,
196,simulator,0,not to consider,,
,,,,,
196,simulator,0,true,,
,,,,,
196,simulator,0,not to consider,2024-07-04 00:54:15,
,,,,,
196,simulator,0,true,2024-07-04 00:54:17,2024-07-04 00:54:17
,,,,,
196,simulator,0,not to consider,2024-07-04 00:54:23,
,,,,,
196,simulator,0,true,2024-07-04 00:54:25,2024-07-04 00:54:25
,,,,,
196,simulator,0,not to consider,2024-07-04 00:54:31,
,,,,,
196,simulator,0,true,2024-07-04 00:54:33,2024-07-04 00:54:33
